{"cameraMode":{"drawMode":0,"name":"Shaded","section":"Shading Mode"},"sceneLighting":true,"audioPlay":false,"sceneViewState":{"showFog":true,"showMaterialUpdate":false,"showSkybox":true,"showFlares":true,"showImageEffects":true,"showParticleSystems":true},"in2DMode":false,"pivot":{"x":41.1619758605957,"y":-33.82909393310547,"z":-118.732666015625},"rotation":{"x":0.03524268418550491,"y":-0.9636481404304504,"z":0.20932847261428834,"w":0.16224049031734467},"size":99.63788604736328,"orthographic":false}