{"cameraMode":{"drawMode":0,"name":"Shaded","section":"Shading Mode"},"sceneLighting":false,"audioPlay":false,"sceneViewState":{"showFog":true,"showMaterialUpdate":false,"showSkybox":true,"showFlares":true,"showImageEffects":true,"showParticleSystems":true},"in2DMode":false,"pivot":{"x":69.6429672241211,"y":5.900000095367432,"z":-36.7214241027832},"rotation":{"x":-0.11137957125902176,"y":0.8883176445960999,"z":-0.32709258794784548,"w":-0.3024844825267792},"size":5.830077648162842,"orthographic":false}