{"cameraMode":{"drawMode":0,"name":"Shaded","section":"Shading Mode"},"sceneLighting":false,"audioPlay":false,"sceneViewState":{"showFog":true,"showMaterialUpdate":false,"showSkybox":true,"showFlares":true,"showImageEffects":true,"showParticleSystems":true},"in2DMode":false,"pivot":{"x":71.34230041503906,"y":5.478546619415283,"z":-35.81915283203125},"rotation":{"x":-0.10980143398046494,"y":0.8857941031455994,"z":-0.2684952914714813,"w":-0.36224693059921267},"size":6.744616985321045,"orthographic":false}