{"cameraMode":{"drawMode":0,"name":"Shaded","section":"Shading Mode"},"sceneLighting":false,"audioPlay":false,"sceneViewState":{"showFog":true,"showMaterialUpdate":false,"showSkybox":true,"showFlares":true,"showImageEffects":true,"showParticleSystems":true},"in2DMode":false,"pivot":{"x":92.5061264038086,"y":3.485291004180908,"z":-40.531917572021487},"rotation":{"x":-0.05808012932538986,"y":0.940173327922821,"z":-0.2650754153728485,"w":-0.20599953830242158},"size":1.7121973037719727,"orthographic":false}