{"cameraMode":{"drawMode":0,"name":"Shaded","section":"Shading Mode"},"sceneLighting":false,"audioPlay":false,"sceneViewState":{"showFog":true,"showMaterialUpdate":false,"showSkybox":true,"showFlares":true,"showImageEffects":true,"showParticleSystems":true},"in2DMode":false,"pivot":{"x":88.13502502441406,"y":3.5994131565093996,"z":-39.3325080871582},"rotation":{"x":-0.09876397252082825,"y":0.9005553722381592,"z":-0.2803618013858795,"w":-0.31724289059638979},"size":6.7446370124816898,"orthographic":false}